taz_id,seq_id
1,1
2,2
3,3
4,4
5,5
6,6
7,7
8,8
9,9
10,10
11,11
12,12
13,13
14,14
15,15
16,16
17,17
18,18
19,19
20,20
21,21
22,22
23,23
24,24
25,25
26,26
27,27
28,28
29,29
30,30
31,31
32,32
33,33
34,34
35,35
36,36
37,37
38,38
39,39
40,40
41,41
42,42
43,43
44,44
45,45
46,46
47,47
48,48
49,49
50,50
51,51
52,52
53,53
54,54
55,55
56,56
57,57
58,58
59,59
60,60
61,61
62,62
63,63
64,64
65,65
66,66
67,67
68,68
69,69
70,70
71,71
72,72
73,73
74,74
75,75
76,76
77,77
78,78
79,79
80,80
81,81
82,82
83,83
84,84
85,85
86,86
87,87
88,88
89,89
90,90
91,91
92,92
93,93
94,94
95,95
96,96
97,97
98,98
99,99
100,100
101,101
102,102
103,103
104,104
105,105
106,106
107,107
108,108
109,109
110,110
111,111
112,112
113,113
114,114
115,115
116,116
117,117
118,118
119,119
120,120
121,121
122,122
123,123
124,124
125,125
126,126
127,127
128,128
129,129
130,130
131,131
132,132
133,133
134,134
135,135
136,136
137,137
138,138
139,139
140,140
141,141
142,142
143,143
144,144
145,145
146,146
147,147
148,148
149,149
150,150
151,151
152,152
153,153
154,154
155,155
156,156
157,157
158,158
159,159
160,160
161,161
162,162
163,163
164,164
165,165
166,166
167,167
168,168
169,169
170,170
171,171
172,172
173,173
174,174
175,175
176,176
177,177
178,178
179,179
180,180
181,181
182,182
183,183
184,184
185,185
186,186
187,187
188,188
189,189
190,190
191,191
192,192
193,193
194,194
195,195
196,196
197,197
198,198
199,199
200,200
201,201
202,202
203,203
204,204
205,205
206,206
207,207
208,208
209,209
210,210
211,211
212,212
213,213
214,214
215,215
216,216
217,217
218,218
219,219
220,220
221,221
222,222
223,223
224,224
225,225
226,226
227,227
228,228
229,229
230,230
231,231
232,232
233,233
234,234
235,235
236,236
237,237
238,238
239,239
240,240
241,241
242,242
243,243
244,244
245,245
246,246
247,247
248,248
249,249
250,250
251,251
252,252
253,253
254,254
255,255
256,256
257,257
258,258
259,259
260,260
261,261
262,262
263,263
264,264
265,265
266,266
267,267
268,268
269,269
270,270
271,271
272,272
273,273
274,274
275,275
276,276
277,277
278,278
279,279
280,280
281,281
282,282
283,283
284,284
285,285
286,286
287,287
288,288
289,289
290,290
291,291
292,292
293,293
294,294
295,295
296,296
297,297
298,298
299,299
300,300
301,301
302,302
303,303
304,304
305,305
306,306
307,307
308,308
309,309
310,310
311,311
312,312
313,313
314,314
315,315
316,316
317,317
318,318
319,319
320,320
321,321
322,322
323,323
324,324
325,325
326,326
327,327
328,328
329,329
330,330
331,331
332,332
333,333
334,334
335,335
336,336
337,337
338,338
339,339
340,340
341,341
342,342
343,343
344,344
345,345
346,346
347,347
348,348
349,349
350,350
351,351
352,352
353,353
354,354
355,355
356,356
357,357
358,358
359,359
360,360
361,361
362,362
363,363
364,364
365,365
366,366
367,367
368,368
369,369
370,370
371,371
372,372
373,373
374,374
375,375
376,376
377,377
378,378
379,379
380,380
381,381
382,382
383,383
384,384
385,385
386,386
387,387
388,388
389,389
390,390
391,391
392,392
393,393
394,394
395,395
396,396
397,397
398,398
399,399
400,400
401,401
402,402
403,403
404,404
405,405
406,406
407,407
408,408
409,409
410,410
411,411
412,412
413,413
414,414
415,415
416,416
417,417
418,418
419,419
420,420
421,421
422,422
423,423
424,424
425,425
426,426
427,427
428,428
429,429
430,430
431,431
432,432
433,433
434,434
435,435
436,436
437,437
438,438
439,439
440,440
441,441
442,442
443,443
444,444
445,445
446,446
447,447
448,448
449,449
450,450
451,451
452,452
453,453
454,454
455,455
456,456
457,457
458,458
459,459
460,460
461,461
462,462
463,463
464,464
465,465
466,466
467,467
468,468
469,469
470,470
471,471
472,472
473,473
474,474
475,475
476,476
477,477
478,478
479,479
480,480
481,481
482,482
483,483
484,484
485,485
486,486
487,487
488,488
489,489
490,490
491,491
492,492
493,493
494,494
495,495
496,496
497,497
498,498
499,499
500,500
501,501
502,502
503,503
504,504
505,505
506,506
507,507
508,508
509,509
510,510
511,511
512,512
513,513
514,514
515,515
516,516
517,517
518,518
519,519
520,520
521,521
522,522
523,523
524,524
525,525
526,526
527,527
528,528
529,529
530,530
531,531
532,532
533,533
534,534
535,535
536,536
537,537
538,538
539,539
540,540
541,541
542,542
543,543
544,544
545,545
546,546
547,547
548,548
549,549
550,550
551,551
552,552
553,553
554,554
555,555
556,556
557,557
558,558
559,559
560,560
561,561
562,562
563,563
564,564
565,565
566,566
567,567
568,568
569,569
570,570
571,571
572,572
573,573
574,574
575,575
576,576
577,577
578,578
579,579
580,580
581,581
582,582
583,583
584,584
585,585
586,586
587,587
588,588
589,589
590,590
591,591
592,592
593,593
594,594
595,595
596,596
597,597
598,598
599,599
600,600
601,601
602,602
603,603
604,604
605,605
606,606
607,607
608,608
609,609
610,610
611,611
612,612
613,613
614,614
615,615
616,616
617,617
618,618
619,619
620,620
621,621
622,622
623,623
624,624
625,625
626,626
627,627
628,628
629,629
630,630
631,631
632,632
633,633
634,634
635,635
636,636
637,637
638,638
639,639
640,640
641,641
642,642
643,643
644,644
645,645
646,646
647,647
648,648
649,649
650,650
651,651
652,652
653,653
654,654
655,655
656,656
657,657
658,658
659,659
660,660
661,661
662,662
663,663
664,664
665,665
666,666
667,667
668,668
669,669
670,670
671,671
672,672
673,673
674,674
675,675
676,676
677,677
678,678
679,679
680,680
681,681
682,682
683,683
684,684
685,685
686,686
687,687
688,688
689,689
690,690
691,691
692,692
693,693
694,694
695,695
696,696
697,697
698,698
699,699
700,700
701,701
702,702
703,703
704,704
705,705
706,706
707,707
708,708
709,709
710,710
711,711
712,712
713,713
714,714
715,715
716,716
717,717
718,718
719,719
720,720
721,721
722,722
723,723
724,724
725,725
726,726
727,727
728,728
729,729
730,730
731,731
732,732
733,733
734,734
735,735
736,736
737,737
738,738
739,739
740,740
741,741
742,742
743,743
744,744
745,745
746,746
747,747
748,748
749,749
750,750
751,751
752,752
753,753
754,754
755,755
756,756
757,757
758,758
759,759
760,760
761,761
762,762
763,763
764,764
765,765
766,766
767,767
768,768
769,769
770,770
771,771
772,772
773,773
774,774
775,775
776,776
777,777
778,778
779,779
780,780
781,781
782,782
783,783
784,784
785,785
786,786
787,787
788,788
789,789
790,790
791,791
792,792
793,793
794,794
795,795
796,796
797,797
798,798
799,799
800,800
801,801
802,802
803,803
804,804
805,805
806,806
807,807
808,808
809,809
810,810
811,811
812,812
813,813
814,814
815,815
816,816
817,817
818,818
819,819
820,820
821,821
822,822
823,823
824,824
825,825
826,826
827,827
828,828
829,829
830,830
831,831
832,832
833,833
834,834
835,835
836,836
837,837
838,838
839,839
840,840
841,841
842,842
843,843
844,844
845,845
846,846
847,847
848,848
849,849
850,850
851,851
852,852
853,853
854,854
855,855
856,856
857,857
858,858
859,859
860,860
861,861
862,862
863,863
864,864
865,865
866,866
867,867
868,868
869,869
870,870
871,871
872,872
873,873
874,874
875,875
876,876
877,877
878,878
879,879
880,880
881,881
882,882
883,883
884,884
885,885
886,886
887,887
888,888
889,889
890,890
891,891
892,892
893,893
894,894
895,895
896,896
897,897
898,898
899,899
900,900
901,901
902,902
903,903
904,904
905,905
906,906
907,907
908,908
909,909
910,910
911,911
912,912
913,913
914,914
915,915
916,916
917,917
918,918
919,919
920,920
921,921
922,922
923,923
924,924
925,925
926,926
927,927
928,928
929,929
930,930
931,931
932,932
933,933
934,934
935,935
936,936
937,937
938,938
939,939
940,940
941,941
942,942
943,943
944,944
945,945
946,946
947,947
948,948
949,949
950,950
951,951
952,952
953,953
954,954
955,955
956,956
957,957
958,958
959,959
960,960
961,961
962,962
963,963
964,964
965,965
966,966
967,967
968,968
969,969
970,970
971,971
972,972
973,973
974,974
975,975
976,976
977,977
978,978
979,979
980,980
981,981
982,982
983,983
984,984
985,985
986,986
987,987
988,988
989,989
990,990
991,991
992,992
993,993
994,994
995,995
996,996
997,997
998,998
999,999
1000,1000
1001,1001
1002,1002
1003,1003
1004,1004
1005,1005
1006,1006
1007,1007
1008,1008
1009,1009
1010,1010
1011,1011
1012,1012
1013,1013
1014,1014
1015,1015
1016,1016
1017,1017
1018,1018
1019,1019
1020,1020
1021,1021
1022,1022
1023,1023
1024,1024
1025,1025
1026,1026
1027,1027
1028,1028
1029,1029
1030,1030
1031,1031
1032,1032
1033,1033
1034,1034
1035,1035
1036,1036
1037,1037
1038,1038
1039,1039
1040,1040
1041,1041
1042,1042
1043,1043
1044,1044
1045,1045
1046,1046
1047,1047
1048,1048
1049,1049
1050,1050
1051,1051
1052,1052
1053,1053
1054,1054
1055,1055
1056,1056
1057,1057
1058,1058
1059,1059
1060,1060
1061,1061
1062,1062
1063,1063
1064,1064
1065,1065
1066,1066
1067,1067
1068,1068
1069,1069
1070,1070
1071,1071
1072,1072
1073,1073
1074,1074
1075,1075
1076,1076
1077,1077
1078,1078
1079,1079
1080,1080
1081,1081
1082,1082
1083,1083
1084,1084
1085,1085
1086,1086
1087,1087
1088,1088
1089,1089
1090,1090
1091,1091
1092,1092
1093,1093
1094,1094
1095,1095
1096,1096
1097,1097
1098,1098
1099,1099
1100,1100
1101,1101
1102,1102
1103,1103
1104,1104
1105,1105
1106,1106
1107,1107
1108,1108
1109,1109
1110,1110
1111,1111
1112,1112
1113,1113
1114,1114
1115,1115
1116,1116
1117,1117
1118,1118
1119,1119
1120,1120
1121,1121
1122,1122
1123,1123
1124,1124
1125,1125
1126,1126
1127,1127
1128,1128
1129,1129
1130,1130
1131,1131
1132,1132
1133,1133
1134,1134
1135,1135
1136,1136
1137,1137
1138,1138
1139,1139
1140,1140
1141,1141
1142,1142
1143,1143
1144,1144
1145,1145
1146,1146
1147,1147
1148,1148
1149,1149
1150,1150
1151,1151
1152,1152
1153,1153
1154,1154
1155,1155
1156,1156
1157,1157
1158,1158
1159,1159
1160,1160
1161,1161
1162,1162
1163,1163
1164,1164
1165,1165
1166,1166
1167,1167
1168,1168
1169,1169
1170,1170
1171,1171
1172,1172
1173,1173
1174,1174
1175,1175
1176,1176
1177,1177
1178,1178
1179,1179
1180,1180
1181,1181
1182,1182
1183,1183
1184,1184
1185,1185
1186,1186
1187,1187
1188,1188
1189,1189
1190,1190
1191,1191
1192,1192
1193,1193
1194,1194
1195,1195
1196,1196
1197,1197
1198,1198
1199,1199
1200,1200
1201,1201
1202,1202
1203,1203
1204,1204
1205,1205
1206,1206
1207,1207
1208,1208
1209,1209
1210,1210
1211,1211
1212,1212
1213,1213
1214,1214
1215,1215
1216,1216
1217,1217
1218,1218
1219,1219
1220,1220
1221,1221
1222,1222
1223,1223
1224,1224
1225,1225
1226,1226
1227,1227
1228,1228
1229,1229
1230,1230
1231,1231
1232,1232
1233,1233
1234,1234
1235,1235
1236,1236
1237,1237
1238,1238
1239,1239
1240,1240
1241,1241
1242,1242
1243,1243
1244,1244
1245,1245
1246,1246
1247,1247
1248,1248
1249,1249
1250,1250
1251,1251
1252,1252
1253,1253
1254,1254
1255,1255
1256,1256
1257,1257
1258,1258
1259,1259
1260,1260
1261,1261
1262,1262
1263,1263
1264,1264
1265,1265
1266,1266
1267,1267
1268,1268
1269,1269
1270,1270
1271,1271
1272,1272
1273,1273
1274,1274
1275,1275
1276,1276
1277,1277
1278,1278
1279,1279
1280,1280
1281,1281
1282,1282
1283,1283
1284,1284
1285,1285
1286,1286
1287,1287
1288,1288
1289,1289
1290,1290
1291,1291
1292,1292
1293,1293
1294,1294
1295,1295
1296,1296
1297,1297
1298,1298
1299,1299
1300,1300
1301,1301
1302,1302
1303,1303
1304,1304
1305,1305
1306,1306
1307,1307
1308,1308
1309,1309
1310,1310
1311,1311
1312,1312
1313,1313
1314,1314
1315,1315
1316,1316
1317,1317
1318,1318
1319,1319
1320,1320
1321,1321
1322,1322
1323,1323
1324,1324
1325,1325
1326,1326
1327,1327
1328,1328
1329,1329
1330,1330
1331,1331
1332,1332
1333,1333
1334,1334
1335,1335
1336,1336
1337,1337
1338,1338
1339,1339
1340,1340
1341,1341
1342,1342
1343,1343
1344,1344
1345,1345
1346,1346
1347,1347
1348,1348
1349,1349
1350,1350
1351,1351
1352,1352
1353,1353
1354,1354
1355,1355
1356,1356
1357,1357
1358,1358
1359,1359
1360,1360
1361,1361
1362,1362
1363,1363
1364,1364
1365,1365
1366,1366
1367,1367
1368,1368
1369,1369
1370,1370
1371,1371
1372,1372
1373,1373
1374,1374
1375,1375
1376,1376
1377,1377
1378,1378
1379,1379
1380,1380
1381,1381
1382,1382
1383,1383
1384,1384
1385,1385
1386,1386
1387,1387
1388,1388
1389,1389
1390,1390
1391,1391
1392,1392
1393,1393
1394,1394
1395,1395
1396,1396
1397,1397
1398,1398
1399,1399
1400,1400
1401,1401
1402,1402
1403,1403
1404,1404
1405,1405
1406,1406
1407,1407
1408,1408
1409,1409
1410,1410
1411,1411
1412,1412
1413,1413
1414,1414
1415,1415
1416,1416
1417,1417
1418,1418
1419,1419
1420,1420
1421,1421
1422,1422
1423,1423
1424,1424
1425,1425
1426,1426
1427,1427
1428,1428
1429,1429
1430,1430
1431,1431
1432,1432
1433,1433
1434,1434
1435,1435
1436,1436
1437,1437
1438,1438
1439,1439
1440,1440
1441,1441
1442,1442
1443,1443
1444,1444
1445,1445
1446,1446
1447,1447
1448,1448
1449,1449
1450,1450
1451,1451
1452,1452
1453,1453
1454,1454
1455,1455
1456,1456
1457,1457
1458,1458
1459,1459
1460,1460
1461,1461
1462,1462
1463,1463
1464,1464
1465,1465
1466,1466
1467,1467
1468,1468
1469,1469
1470,1470
1471,1471
1472,1472
1473,1473
1474,1474
1475,1475
1476,1476
1477,1477
1478,1478
1479,1479
1480,1480
1481,1481
1482,1482
1483,1483
1484,1484
1485,1485
1486,1486
1487,1487
1488,1488
1489,1489
1490,1490
1491,1491
1492,1492
1493,1493
1494,1494
1495,1495
1496,1496
1497,1497
1498,1498
1499,1499
1500,1500
1501,1501
1502,1502
1503,1503
1504,1504
1505,1505
1506,1506
1507,1507
1508,1508
1509,1509
1510,1510
1511,1511
1512,1512
1513,1513
1514,1514
1515,1515
1516,1516
1517,1517
1518,1518
1519,1519
1520,1520
1521,1521
1522,1522
1523,1523
1524,1524
1525,1525
1526,1526
1527,1527
1528,1528
1529,1529
1530,1530
1531,1531
1532,1532
1533,1533
1534,1534
1535,1535
1536,1536
1537,1537
1538,1538
1539,1539
1540,1540
1541,1541
1542,1542
1543,1543
1544,1544
1545,1545
1546,1546
1547,1547
1548,1548
1549,1549
1550,1550
1551,1551
1552,1552
1553,1553
1554,1554
1555,1555
1556,1556
1557,1557
1558,1558
1559,1559
1560,1560
1561,1561
1562,1562
1563,1563
1564,1564
1565,1565
1566,1566
1567,1567
1568,1568
1569,1569
1570,1570
1571,1571
1572,1572
1573,1573
1574,1574
1575,1575
1576,1576
1577,1577
1578,1578
1579,1579
1580,1580
1581,1581
1582,1582
1583,1583
1584,1584
1585,1585
1586,1586
1587,1587
1588,1588
1589,1589
1590,1590
1591,1591
1592,1592
1593,1593
1594,1594
1595,1595
1596,1596
1597,1597
1598,1598
1599,1599
1600,1600
1601,1601
1602,1602
1603,1603
1604,1604
1605,1605
1606,1606
1607,1607
1608,1608
1609,1609
1610,1610
1611,1611
1612,1612
1613,1613
1614,1614
1615,1615
1616,1616
1617,1617
1618,1618
1619,1619
1620,1620
1621,1621
1622,1622
1623,1623
1624,1624
1625,1625
1626,1626
1627,1627
1628,1628
1629,1629
1630,1630
1631,1631
1632,1632
1633,1633
1634,1634
1635,1635
1636,1636
1637,1637
1638,1638
1639,1639
1640,1640
1641,1641
1642,1642
1643,1643
1644,1644
1645,1645
1646,1646
1647,1647
1648,1648
1649,1649
1650,1650
1651,1651
1652,1652
1653,1653
1654,1654
1655,1655
1656,1656
1657,1657
1658,1658
1659,1659
1660,1660
1661,1661
1662,1662
1663,1663
1664,1664
1665,1665
1666,1666
1667,1667
1668,1668
1669,1669
1670,1670
1671,1671
1672,1672
1673,1673
1674,1674
1675,1675
1676,1676
1677,1677
1678,1678
1679,1679
1680,1680
1681,1681
1682,1682
1683,1683
1684,1684
1685,1685
1686,1686
1687,1687
1688,1688
1689,1689
1690,1690
1691,1691
1692,1692
1693,1693
1694,1694
1695,1695
1696,1696
1697,1697
1698,1698
1699,1699
1700,1700
1701,1701
1702,1702
1703,1703
1704,1704
1705,1705
1706,1706
1707,1707
1708,1708
1709,1709
1710,1710
1711,1711
1712,1712
1713,1713
1714,1714
1715,1715
1716,1716
1717,1717
1718,1718
1719,1719
1720,1720
1721,1721
1722,1722
1723,1723
1724,1724
1725,1725
1726,1726
1727,1727
1728,1728
1729,1729
1730,1730
1731,1731
1732,1732
1733,1733
1734,1734
1735,1735
1736,1736
1737,1737
1738,1738
1739,1739
1740,1740
1741,1741
1742,1742
1743,1743
1744,1744
1745,1745
1746,1746
1747,1747
1748,1748
1749,1749
1750,1750
1751,1751
1752,1752
1753,1753
1754,1754
1755,1755
1756,1756
1757,1757
1758,1758
1759,1759
1760,1760
1761,1761
1762,1762
1763,1763
1764,1764
1765,1765
1766,1766
1767,1767
1768,1768
1769,1769
1770,1770
1771,1771
1772,1772
1773,1773
1774,1774
1775,1775
1776,1776
1777,1777
1778,1778
1779,1779
1780,1780
1781,1781
1782,1782
1783,1783
1784,1784
1785,1785
1786,1786
1787,1787
1788,1788
1789,1789
1790,1790
1791,1791
1792,1792
1793,1793
1794,1794
1795,1795
1796,1796
1797,1797
1798,1798
1799,1799
1800,1800
1801,1801
1802,1802
1803,1803
1804,1804
1805,1805
1806,1806
1807,1807
1808,1808
1809,1809
1810,1810
1811,1811
1812,1812
1813,1813
1814,1814
1815,1815
1816,1816
1817,1817
1818,1818
1819,1819
1820,1820
1821,1821
1822,1822
1823,1823
1824,1824
1825,1825
1826,1826
1827,1827
1828,1828
1829,1829
1830,1830
1831,1831
1832,1832
1833,1833
1834,1834
1835,1835
1836,1836
1837,1837
1838,1838
1839,1839
1840,1840
1841,1841
1842,1842
1843,1843
1844,1844
1845,1845
1846,1846
1847,1847
1848,1848
1849,1849
1850,1850
1851,1851
1852,1852
1853,1853
1854,1854
1855,1855
1856,1856
1857,1857
1858,1858
1859,1859
1860,1860
1861,1861
1862,1862
1863,1863
1864,1864
1865,1865
1866,1866
1867,1867
1868,1868
1869,1869
1870,1870
1871,1871
1872,1872
1873,1873
1874,1874
1875,1875
1876,1876
1877,1877
1878,1878
1879,1879
1880,1880
1881,1881
1882,1882
1883,1883
1884,1884
1885,1885
1886,1886
1887,1887
1888,1888
1889,1889
1890,1890
1891,1891
1892,1892
1893,1893
1894,1894
1895,1895
1896,1896
1897,1897
1898,1898
1899,1899
1900,1900
1901,1901
1902,1902
1903,1903
1904,1904
1905,1905
1906,1906
1907,1907
1908,1908
1909,1909
1910,1910
1911,1911
1912,1912
1913,1913
1914,1914
1915,1915
1916,1916
1917,1917
1918,1918
1919,1919
1920,1920
1921,1921
1922,1922
1923,1923
1924,1924
1925,1925
1926,1926
1927,1927
1928,1928
1929,1929
1930,1930
1931,1931
1932,1932
1933,1933
1934,1934
1935,1935
1936,1936
1937,1937
1938,1938
1939,1939
1940,1940
1941,1941
1942,1942
1943,1943
1944,1944
1945,1945
1946,1946
1947,1947
1948,1948
1949,1949
1950,1950
1951,1951
1952,1952
1953,1953
1954,1954
1955,1955
1956,1956
1957,1957
1958,1958
1959,1959
1960,1960
1961,1961
1962,1962
1963,1963
1964,1964
1965,1965
1966,1966
1967,1967
1968,1968
1969,1969
1970,1970
1971,1971
1972,1972
1973,1973
1974,1974
1975,1975
1976,1976
1977,1977
1978,1978
1979,1979
1980,1980
1981,1981
1982,1982
1983,1983
1984,1984
1985,1985
1986,1986
1987,1987
1988,1988
1989,1989
1990,1990
1991,1991
1992,1992
1993,1993
1994,1994
1995,1995
1996,1996
1997,1997
1998,1998
1999,1999
2000,2000
2001,2001
2002,2002
2003,2003
2004,2004
2005,2005
2006,2006
2007,2007
2008,2008
2009,2009
2010,2010
2011,2011
2012,2012
2013,2013
2014,2014
2015,2015
2016,2016
2017,2017
2018,2018
2019,2019
2020,2020
2021,2021
2022,2022
2023,2023
2024,2024
2025,2025
2026,2026
2027,2027
2028,2028
2029,2029
2030,2030
2031,2031
2032,2032
2033,2033
2034,2034
2035,2035
2036,2036
2037,2037
2038,2038
2039,2039
2040,2040
2041,2041
2042,2042
2043,2043
2044,2044
2045,2045
2046,2046
2047,2047
2048,2048
2049,2049
2050,2050
2051,2051
2052,2052
2053,2053
2054,2054
2055,2055
2056,2056
2057,2057
2058,2058
2059,2059
2060,2060
2061,2061
2062,2062
2063,2063
2064,2064
2065,2065
2066,2066
2067,2067
2068,2068
2069,2069
2070,2070
2071,2071
2072,2072
2073,2073
2074,2074
2075,2075
2076,2076
2077,2077
2078,2078
2079,2079
2080,2080
2081,2081
2082,2082
2083,2083
2084,2084
2085,2085
2086,2086
2087,2087
2088,2088
2089,2089
2090,2090
2091,2091
2092,2092
2093,2093
2094,2094
2095,2095
2096,2096
2097,2097
2098,2098
2099,2099
2100,2100
2101,2101
2102,2102
2103,2103
2104,2104
2105,2105
2106,2106
2107,2107
2108,2108
2109,2109
2110,2110
2111,2111
2112,2112
2113,2113
2114,2114
2115,2115
2116,2116
2117,2117
2118,2118
2119,2119
2120,2120
2121,2121
2122,2122
2123,2123
2124,2124
2125,2125
2126,2126
2127,2127
2128,2128
2129,2129
2130,2130
2131,2131
2132,2132
2133,2133
2134,2134
2135,2135
2136,2136
2137,2137
2138,2138
2139,2139
2140,2140
2141,2141
2142,2142
2143,2143
2144,2144
2145,2145
2146,2146
2147,2147
2148,2148
2149,2149
2150,2150
2151,2151
2152,2152
2153,2153
2154,2154
2155,2155
2156,2156
2157,2157
2158,2158
2159,2159
2160,2160
2161,2161
2162,2162
2163,2163
2164,2164
2165,2165
2166,2166
2167,2167
2168,2168
2169,2169
2170,2170
2171,2171
2172,2172
2173,2173
2174,2174
2175,2175
2176,2176
2177,2177
2178,2178
2179,2179
2180,2180
2181,2181
2182,2182
2183,2183
2184,2184
2185,2185
2186,2186
2187,2187
2188,2188
2189,2189
2190,2190
2191,2191
2192,2192
2193,2193
2194,2194
2195,2195
2196,2196
2197,2197
2198,2198
2199,2199
2200,2200
2201,2201
2202,2202
2203,2203
2204,2204
2205,2205
2206,2206
2207,2207
2208,2208
2209,2209
2210,2210
2211,2211
2212,2212
2213,2213
2214,2214
2215,2215
2216,2216
2217,2217
2218,2218
2219,2219
2220,2220
2221,2221
2222,2222
2223,2223
2224,2224
2225,2225
2226,2226
2227,2227
2228,2228
2229,2229
2230,2230
2231,2231
2232,2232
2233,2233
2234,2234
2235,2235
2236,2236
2237,2237
2238,2238
2239,2239
2240,2240
2241,2241
2242,2242
2243,2243
2244,2244
2245,2245
2246,2246
2247,2247
2248,2248
2249,2249
2250,2250
2251,2251
2252,2252
2253,2253
2254,2254
2255,2255
2256,2256
2257,2257
2258,2258
2259,2259
2260,2260
2261,2261
2262,2262
2263,2263
2264,2264
2265,2265
2266,2266
2267,2267
2268,2268
2269,2269
2270,2270
2271,2271
2272,2272
2273,2273
2274,2274
2275,2275
2276,2276
2277,2277
2278,2278
2279,2279
2280,2280
2281,2281
2282,2282
2283,2283
2284,2284
2285,2285
2286,2286
2287,2287
2288,2288
2289,2289
2290,2290
2291,2291
2292,2292
2293,2293
2294,2294
2295,2295
2296,2296
2297,2297
2298,2298
2299,2299
2300,2300
2301,2301
2302,2302
2303,2303
2304,2304
2341,2305
2342,2306
2343,2307
2344,2308
2345,2309
2346,2310
2347,2311
2348,2312
2349,2313
2350,2314
2351,2315
2352,2316
2353,2317
2354,2318
2355,2319
2356,2320
2357,2321
2358,2322
2359,2323
2360,2324
2361,2325
2362,2326
2363,2327
2364,2328
2365,2329
2366,2330
2367,2331
2368,2332
2369,2333
2370,2334
2371,2335
2372,2336
2373,2337
2374,2338
2375,2339
2376,2340
2377,2341
2378,2342
2379,2343
2380,2344
2381,2345
2382,2346
2383,2347
2384,2348
2385,2349
2386,2350
2387,2351
2388,2352
2389,2353
2390,2354
2391,2355
2392,2356
2393,2357
2394,2358
2395,2359
2396,2360
2397,2361
2398,2362
2399,2363
2400,2364
2401,2365
2402,2366
2403,2367
2404,2368
2405,2369
2406,2370
2407,2371
2408,2372
2409,2373
2410,2374
2411,2375
2412,2376
2413,2377
2414,2378
2415,2379
2416,2380
2417,2381
2418,2382
2419,2383
2420,2384
2421,2385
2422,2386
2423,2387
2424,2388
2425,2389
2456,2390
2457,2391
2458,2392
2459,2393
2460,2394
2461,2395
2462,2396
2519,2397
2520,2398
2521,2399
2522,2400
2523,2401
2524,2402
2525,2403
2526,2404
2527,2405
2528,2406
2529,2407
2530,2408
2531,2409
2532,2410
2533,2411
2534,2412
2535,2413
2536,2414
2537,2415
2538,2416
2539,2417
2540,2418
2541,2419
2542,2420
2543,2421
2544,2422
2557,2423
2558,2424
2559,2425
2560,2426
2561,2427
2562,2428
2563,2429
2564,2430
2565,2431
2566,2432
2567,2433
2568,2434
2569,2435
2570,2436
2571,2437
2572,2438
2636,2439
2637,2440
2638,2441
2639,2442
2640,2443
2641,2444
2642,2445
2643,2446
2644,2447
2645,2448
2646,2449
2647,2450
2648,2451
2649,2452
2650,2453
2651,2454
2652,2455
2653,2456
2654,2457
2655,2458
2656,2459
2657,2460
2658,2461
2659,2462
2660,2463
2661,2464
2662,2465
2663,2466
2664,2467
2665,2468
2666,2469
2667,2470
2668,2471
2669,2472
2670,2473
2671,2474
2672,2475
2673,2476
2674,2477
2675,2478
2676,2479
2677,2480
2678,2481
2679,2482
2680,2483
2681,2484
2682,2485
2683,2486
2684,2487
2694,2488
2695,2489
2696,2490
2697,2491
2698,2492
2699,2493
2700,2494
2701,2495
2702,2496
2703,2497
2704,2498
2705,2499
2706,2500
2707,2501
2708,2502
2709,2503
2710,2504
2711,2505
2712,2506
2713,2507
2714,2508
2715,2509
2716,2510
2717,2511
2718,2512
2719,2513
2720,2514
2721,2515
2722,2516
2723,2517
2724,2518
2725,2519
2726,2520
2727,2521
2751,2522
2752,2523
2753,2524
2754,2525
2755,2526
2756,2527
2757,2528
2758,2529
2759,2530
2760,2531
2761,2532
2762,2533
2763,2534
2764,2535
2765,2536
2766,2537
2767,2538
2768,2539
2769,2540
2770,2541
2771,2542
2772,2543
2773,2544
2774,2545
2775,2546
2776,2547
2777,2548
2778,2549
2779,2550
2780,2551
2781,2552
2782,2553
2783,2554
2784,2555
2785,2556
2786,2557
2787,2558
2788,2559
2789,2560
2790,2561
2791,2562
2792,2563
2793,2564
2794,2565
2795,2566
2796,2567
2797,2568
2798,2569
2799,2570
2800,2571
2801,2572
2802,2573
2803,2574
2804,2575
2805,2576
2806,2577
2807,2578
2808,2579
2809,2580
2810,2581
2811,2582
2812,2583
2813,2584
2814,2585
2815,2586
2816,2587
2817,2588
2818,2589
2819,2590
2820,2591
2821,2592
2822,2593
2823,2594
2824,2595
2825,2596
2826,2597
2827,2598
2828,2599
2829,2600
2830,2601
2831,2602
2832,2603
2833,2604
2834,2605
2835,2606
2836,2607
2837,2608
2838,2609
2839,2610
2840,2611
2841,2612
2842,2613
2843,2614
2844,2615
2845,2616
2846,2617
2847,2618
2848,2619
2849,2620
2850,2621
2851,2622
2852,2623
2853,2624
2854,2625
2855,2626
2856,2627
2857,2628
2858,2629
2859,2630
2860,2631
2861,2632
2862,2633
2863,2634
2864,2635
2865,2636
2866,2637
2867,2638
2868,2639
2869,2640
2870,2641
2871,2642
2872,2643
2873,2644
2874,2645
2875,2646
2876,2647
2877,2648
2878,2649
2879,2650
2880,2651
2881,2652
2882,2653
2883,2654
2884,2655
2885,2656
2886,2657
2887,2658
2888,2659
2889,2660
2890,2661
2891,2662
2892,2663
2893,2664
2894,2665
2895,2666
2896,2667
2897,2668
2898,2669
2899,2670
2900,2671
2901,2672
2902,2673
2903,2674
2904,2675
2905,2676
2906,2677
2907,2678
2908,2679
2909,2680
2910,2681
2911,2682
2912,2683
2913,2684
2914,2685
2915,2686
2916,2687
2917,2688
2918,2689
2919,2690
2920,2691
2921,2692
2922,2693
2923,2694
2924,2695
2925,2696
2926,2697
2927,2698
2928,2699
2929,2700
2930,2701
2931,2702
2932,2703
2933,2704
2934,2705
2935,2706
2936,2707
2937,2708
2938,2709
2939,2710
2940,2711
2941,2712
2942,2713
2943,2714
2944,2715
2945,2716
2946,2717
2947,2718
2948,2719
2949,2720
2950,2721
2951,2722
2952,2723
2953,2724
2954,2725
2955,2726
2956,2727
2957,2728
2958,2729
2959,2730
2960,2731
2961,2732
2962,2733
2963,2734
2964,2735
2965,2736
2966,2737
2967,2738
2968,2739
2969,2740
2970,2741
2971,2742
2972,2743
2973,2744
2974,2745
2975,2746
2976,2747
2977,2748
2978,2749
2979,2750
2980,2751
2981,2752
2982,2753
2983,2754
2984,2755
2985,2756
2986,2757
2987,2758
2988,2759
2989,2760
2990,2761
2991,2762
2992,2763
2993,2764
2994,2765
2995,2766
2996,2767
2997,2768
2998,2769
2999,2770
3000,2771
3001,2772
3002,2773
3003,2774
3004,2775
3005,2776
3006,2777
3007,2778
3008,2779
3009,2780
3010,2781
3011,2782
3012,2783
3013,2784
3014,2785
3015,2786
3016,2787
3017,2788
3018,2789
3019,2790
3020,2791
3021,2792
3022,2793
3023,2794
3024,2795
3025,2796
3026,2797
3027,2798
3028,2799
3029,2800
3030,2801
3031,2802
3032,2803
3033,2804
3034,2805
3035,2806
3036,2807
3037,2808
3038,2809
3039,2810
3040,2811
3041,2812
3042,2813
3043,2814
3044,2815
3045,2816
3046,2817
3047,2818
3048,2819
3049,2820
3050,2821
3051,2822
3052,2823
3053,2824
3054,2825
3055,2826
3056,2827
3057,2828
3058,2829
3059,2830
3060,2831
3061,2832
3062,2833
3063,2834
3064,2835
3065,2836
3066,2837
3067,2838
3068,2839
3069,2840
3070,2841
3071,2842
3072,2843
3073,2844
3074,2845
3075,2846
3076,2847
3077,2848
3078,2849
3079,2850
3080,2851
3081,2852
3082,2853
3083,2854
3084,2855
3085,2856
3086,2857
3087,2858
3088,2859
3089,2860
3090,2861
3091,2862
3092,2863
3093,2864
3094,2865
3095,2866
3096,2867
3097,2868
3098,2869
3099,2870
3100,2871
3101,2872
3102,2873
3103,2874
3104,2875
3105,2876
3106,2877
3107,2878
3108,2879
3109,2880
3110,2881
3111,2882
3112,2883
3113,2884
3114,2885
3115,2886
3116,2887
3117,2888
3118,2889
3119,2890
3120,2891
3121,2892
3122,2893
3123,2894
3124,2895
3125,2896
3126,2897
3127,2898
3128,2899
3129,2900
3130,2901
3131,2902
3132,2903
3133,2904
3134,2905
3135,2906
3136,2907
3137,2908
3138,2909
3139,2910
3140,2911
3141,2912
3142,2913
3143,2914
3144,2915
3145,2916
3146,2917
3147,2918
3148,2919
3149,2920
3150,2921
3151,2922
3152,2923
3153,2924
3154,2925
3155,2926
3156,2927
3157,2928
3158,2929
3159,2930
3160,2931
3161,2932
3162,2933
3163,2934
3164,2935
3165,2936
3166,2937
3167,2938
3168,2939
3169,2940
3170,2941
3171,2942
3172,2943
3173,2944
3174,2945
3175,2946
3176,2947
3177,2948
3178,2949
3179,2950
3180,2951
3181,2952
3182,2953
3183,2954
3184,2955
3185,2956
3186,2957
3187,2958
3188,2959
3189,2960
3190,2961
3191,2962
3192,2963
3193,2964
3194,2965
3195,2966
3196,2967
3197,2968
3198,2969
3199,2970
3200,2971
3201,2972
3202,2973
3203,2974
3204,2975
3205,2976
3206,2977
3207,2978
3208,2979
3209,2980
3210,2981
3211,2982
3212,2983
3213,2984
3214,2985
3215,2986
3216,2987
3217,2988
3218,2989
3219,2990
3220,2991
3221,2992
3222,2993
3223,2994
3224,2995
3225,2996
3226,2997
3227,2998
3228,2999
3229,3000
3230,3001
3231,3002
3232,3003
3233,3004
3234,3005
3235,3006
3236,3007
3237,3008
3238,3009
3239,3010
3240,3011
3241,3012
3242,3013
3243,3014
3244,3015
3245,3016
3246,3017
3247,3018
3248,3019
3249,3020
3250,3021
3251,3022
3252,3023
3253,3024
3254,3025
3255,3026
3256,3027
3257,3028
3258,3029
3259,3030
3260,3031
3261,3032
3262,3033
3263,3034
3264,3035
3265,3036
3266,3037
3267,3038
3268,3039
3271,3040
3272,3041
3273,3042
3274,3043
3275,3044
3276,3045
3277,3046
3278,3047
3279,3048
3280,3049
3281,3050
3282,3051
3283,3052
3284,3053
3285,3054
3286,3055
3287,3056
3288,3057
3289,3058
3290,3059
3291,3060
3292,3061
3293,3062
3294,3063
3295,3064
3296,3065
3297,3066
3298,3067
3299,3068
3300,3069
3301,3070
3302,3071
3303,3072
3304,3073
3305,3074
3306,3075
3307,3076
3308,3077
3309,3078
3310,3079
3311,3080
3312,3081
3313,3082
3314,3083
3315,3084
3316,3085
3317,3086
3318,3087
3319,3088
3320,3089
3321,3090
3322,3091
3323,3092
3324,3093
3325,3094
3326,3095
3327,3096
3328,3097
3329,3098
3330,3099
3331,3100
3332,3101
3333,3102
3334,3103
3335,3104
3336,3105
3337,3106
3338,3107
3339,3108
3340,3109
3341,3110
3342,3111
3343,3112
3344,3113
3345,3114
3346,3115
3347,3116
3348,3117
3349,3118
3350,3119
3351,3120
3352,3121
3353,3122
3354,3123
3355,3124
3356,3125
3357,3126
3358,3127
3359,3128
3360,3129
3361,3130
3362,3131
3363,3132
3364,3133
3365,3134
3366,3135
3367,3136
3368,3137
3369,3138
3370,3139
3371,3140
3372,3141
3373,3142
3374,3143
3375,3144
3376,3145
3377,3146
3378,3147
3379,3148
3380,3149
3381,3150
3382,3151
3383,3152
3384,3153
3385,3154
3386,3155
3387,3156
3388,3157
3389,3158
3390,3159
3391,3160
3392,3161
3393,3162
3394,3163
4001,3164
4002,3165
4003,3166
4004,3167
4005,3168
4006,3169
4007,3170
4008,3171
4009,3172
4010,3173
4011,3174
4012,3175
4013,3176
4014,3177
4015,3178
4016,3179
4017,3180
4018,3181
4019,3182
4020,3183
4021,3184
4022,3185
4023,3186
4024,3187
4025,3188
4026,3189
4027,3190
4028,3191
4029,3192
4030,3193
4031,3194
4032,3195
4033,3196
4034,3197
4035,3198
4036,3199
4037,3200
4038,3201
4039,3202
4040,3203
4041,3204
4042,3205
4043,3206
4044,3207
4045,3208
4046,3209
4047,3210
4048,3211
4049,3212
4050,3213
4051,3214
4052,3215
4053,3216
4054,3217
4055,3218
4056,3219
4057,3220
4058,3221
4059,3222
4060,3223
4061,3224
4062,3225
4063,3226
4064,3227
4065,3228
4066,3229
4067,3230
4068,3231
4069,3232
4070,3233
4071,3234
4072,3235
4073,3236
4074,3237
4075,3238
4076,3239
4077,3240
4078,3241
4079,3242
4080,3243
4081,3244
4082,3245
4083,3246
4084,3247
4085,3248
4086,3249
4087,3250
4088,3251
4089,3252
4090,3253
4091,3254
4092,3255
4093,3256
4094,3257
4095,3258
4096,3259
4097,3260
4098,3261
4099,3262
4100,3263
4101,3264
4102,3265
4103,3266
4104,3267
4105,3268
4106,3269
4107,3270
4108,3271
4109,3272
4110,3273
4111,3274
4112,3275
4113,3276
4114,3277
4115,3278
4116,3279
4117,3280
4118,3281
4119,3282
4120,3283
4121,3284
4122,3285
4123,3286
4124,3287
4125,3288
4126,3289
4127,3290
4128,3291
4129,3292
4130,3293
4131,3294
4132,3295
4133,3296
4134,3297
4135,3298
4136,3299
4137,3300
4138,3301
4139,3302
4140,3303
4141,3304
4142,3305
4143,3306
4144,3307
4145,3308
4146,3309
4147,3310
4148,3311
4149,3312
4150,3313
4151,3314
4152,3315
4153,3316
4154,3317
4155,3318
4156,3319
4157,3320
4158,3321
4159,3322
4160,3323
4161,3324
4162,3325
4163,3326
4164,3327
4165,3328
4166,3329
4167,3330
4168,3331
4169,3332
4170,3333
4171,3334
4172,3335
4173,3336
4174,3337
4175,3338
4176,3339
4177,3340
4178,3341
4179,3342
4180,3343
4181,3344
4182,3345
4183,3346
4184,3347
4185,3348
4186,3349
4187,3350
4188,3351
4189,3352
4190,3353
4191,3354
4192,3355
4193,3356
4194,3357
4195,3358
4196,3359
4197,3360
4198,3361
4199,3362
4200,3363
4201,3364
4202,3365
4203,3366
4204,3367
4205,3368
4206,3369
4207,3370
4208,3371
4209,3372
4210,3373
4211,3374
4212,3375
4213,3376
4214,3377
4215,3378
4216,3379
4217,3380
4218,3381
4219,3382
4220,3383
4221,3384
4222,3385
4223,3386
4224,3387
4225,3388
4226,3389
4227,3390
4228,3391
4229,3392
4230,3393
4231,3394
4232,3395
4233,3396
4234,3397
4235,3398
4236,3399
4237,3400
4238,3401
4239,3402
4240,3403
4241,3404
4242,3405
4243,3406
4244,3407
4245,3408
4246,3409
4247,3410
4248,3411
4249,3412
4250,3413
4251,3414
4252,3415
4253,3416
4254,3417
4255,3418
4256,3419
4257,3420
4258,3421
4259,3422
4260,3423
4261,3424
4262,3425
4263,3426
4264,3427
4265,3428
4266,3429
4267,3430
4268,3431
4269,3432
4270,3433
4271,3434
4272,3435
4273,3436
4274,3437
4275,3438
4276,3439
4277,3440
4278,3441
4279,3442
4280,3443
4281,3444
4282,3445
4283,3446
4284,3447
4285,3448
4286,3449
4287,3450
4288,3451
4289,3452
4290,3453
4291,3454
4292,3455
4293,3456
4294,3457
4295,3458
4296,3459
4297,3460
4298,3461
4299,3462
4300,3463
4301,3464
4302,3465
4303,3466
4304,3467
4305,3468
4306,3469
4307,3470
4308,3471
4309,3472
4310,3473
4311,3474
4312,3475
4313,3476
4314,3477
4315,3478
4316,3479
4317,3480
4318,3481
4319,3482
4320,3483
4321,3484
4322,3485
4323,3486
4324,3487
4325,3488
4326,3489
4327,3490
4328,3491
4329,3492
4330,3493
4331,3494
4332,3495
4333,3496
4334,3497
4335,3498
4336,3499
4337,3500
4338,3501
4339,3502
4340,3503
4341,3504
4342,3505
4343,3506
4344,3507
4345,3508
4346,3509
4347,3510
4348,3511
4349,3512
4350,3513
4351,3514
4352,3515
4353,3516
4354,3517
4355,3518
4356,3519
4357,3520
4358,3521
4359,3522
4360,3523
4361,3524
4362,3525
4363,3526
4364,3527
4365,3528
4366,3529
4367,3530
4368,3531
4369,3532
4370,3533
4371,3534
4372,3535
4373,3536
4374,3537
4375,3538
4376,3539
4377,3540
4378,3541
4379,3542
4380,3543
4381,3544
4382,3545
4383,3546
4384,3547
4385,3548
4386,3549
4387,3550
4388,3551
4389,3552
4390,3553
4391,3554
4392,3555
4393,3556
4394,3557
4395,3558
4396,3559
4397,3560
4398,3561
4399,3562
4400,3563
4401,3564
4402,3565
4403,3566
4404,3567
4405,3568
4406,3569
4407,3570
4408,3571
4409,3572
4410,3573
4411,3574
4412,3575
4413,3576
4414,3577
4415,3578
4416,3579
4417,3580
4418,3581
4419,3582
4420,3583
4421,3584
4422,3585
4423,3586
4424,3587
4425,3588
4426,3589
4427,3590
4428,3591
4429,3592
4430,3593
4431,3594
4432,3595
4433,3596
4434,3597
4435,3598
4436,3599
4437,3600
4438,3601
4439,3602
4440,3603
4441,3604
4601,3605
4602,3606
4603,3607
4604,3608
4605,3609
4606,3610
4607,3611
4608,3612
4609,3613
4610,3614
4611,3615
4612,3616
4613,3617
4614,3618
4615,3619
4616,3620
4617,3621
4618,3622
4619,3623
4620,3624
4621,3625
4622,3626
4623,3627
4624,3628
4625,3629
4626,3630
4627,3631
4628,3632
4629,3633
4630,3634
4631,3635
4632,3636
4633,3637
4634,3638
4635,3639
4636,3640
4637,3641
4638,3642
4639,3643
4640,3644
4641,3645
4642,3646
4643,3647
4644,3648
4645,3649
4646,3650
4647,3651
4648,3652
4649,3653
4650,3654
4651,3655
4652,3656
4653,3657
4654,3658
4655,3659
4656,3660
4657,3661
4658,3662
4659,3663
4660,3664
4661,3665
4662,3666
4663,3667
4664,3668
4665,3669
4666,3670
4667,3671
4668,3672
4669,3673
4670,3674
4671,3675
4672,3676
4673,3677
4674,3678
4675,3679
4676,3680
4677,3681
4678,3682
4679,3683
4680,3684
4681,3685
4682,3686
4683,3687
4684,3688
4685,3689
4686,3690
4687,3691
4688,3692
4689,3693
4690,3694
4691,3695
4692,3696
4693,3697
4694,3698
4695,3699
4696,3700
4697,3701
4698,3702
4699,3703
4700,3704
4701,3705
4702,3706
4703,3707
4704,3708
4705,3709
4706,3710
4707,3711
4708,3712
4709,3713
4710,3714
4711,3715
4712,3716
4713,3717
4714,3718
4715,3719
4716,3720
4717,3721
4718,3722
4719,3723
4720,3724
4721,3725
4722,3726
4723,3727
4724,3728
4725,3729
4726,3730
4727,3731
4728,3732
4729,3733
4730,3734
4731,3735
4732,3736
4733,3737
4734,3738
4735,3739
4736,3740
4737,3741
4738,3742
4739,3743
4740,3744
4741,3745
4742,3746
4743,3747
4744,3748
4745,3749
4746,3750
4747,3751
4748,3752
4749,3753
4750,3754
4751,3755
4752,3756
4753,3757
4754,3758
4755,3759
4756,3760
4757,3761
4758,3762
4759,3763
4760,3764
4761,3765
4762,3766
4763,3767
4764,3768
4765,3769
4766,3770
4767,3771
4768,3772
4769,3773
4770,3774
4771,3775
4772,3776
4773,3777
4774,3778
4775,3779
4776,3780
4777,3781
4778,3782
4779,3783
4780,3784
4781,3785
4782,3786
4783,3787
4784,3788
4785,3789
4786,3790
4787,3791
4788,3792
4789,3793
4790,3794
4791,3795
4792,3796
4793,3797
4794,3798
4795,3799
4901,3800
4902,3801
4903,3802
4904,3803
4905,3804
4906,3805
4907,3806
4908,3807
4909,3808
4910,3809
4911,3810
4912,3811
4913,3812
4914,3813
4915,3814
4916,3815
4917,3816
4918,3817
4919,3818
4920,3819
5001,3820
5002,3821
5003,3822
5004,3823
5005,3824
5006,3825
5007,3826
5008,3827
5009,3828
5010,3829
5011,3830
5201,3831
5202,3832
5203,3833
5204,3834
5205,3835
5206,3836
5207,3837
5208,3838
5209,3839
5210,3840
5211,3841
5212,3842
5213,3843
5214,3844
5215,3845
5216,3846
5217,3847
5218,3848
5219,3849
5220,3850
5221,3851
5222,3852
5223,3853
5224,3854
5225,3855
5226,3856
5227,3857
5228,3858
5229,3859
5230,3860
5231,3861
5232,3862
5233,3863
5234,3864
5235,3865
5236,3866
5237,3867
5238,3868
5239,3869
5240,3870
5241,3871
5242,3872
5243,3873
5244,3874
5245,3875
5246,3876
5247,3877
5248,3878
5249,3879
5250,3880
5251,3881
5252,3882
5253,3883
5254,3884
5255,3885
5256,3886
5257,3887
5258,3888
5259,3889
5260,3890
5261,3891
5262,3892
5263,3893
5264,3894
5265,3895
5266,3896
5267,3897
5268,3898
5269,3899
5270,3900
5271,3901
5272,3902
5273,3903
5274,3904
5275,3905
5276,3906
5277,3907
5278,3908
5279,3909
5280,3910
5281,3911
5282,3912
5283,3913
5284,3914
5285,3915
5286,3916
5287,3917
5288,3918
5289,3919
5290,3920
5291,3921
5292,3922
5293,3923
5294,3924
5295,3925
5296,3926
5297,3927
5298,3928
5299,3929
5300,3930
5301,3931
5302,3932
5303,3933
5304,3934
5305,3935
5306,3936
5307,3937
5308,3938
5309,3939
5310,3940
5311,3941
5312,3942
5313,3943
5314,3944
5315,3945
5316,3946
5317,3947
5318,3948
5319,3949
5320,3950
5321,3951
5322,3952
5323,3953
5324,3954
5325,3955
5326,3956
5327,3957
5328,3958
5329,3959
5330,3960
5331,3961
5332,3962
5333,3963
5334,3964
5335,3965
5336,3966
5337,3967
5338,3968
5339,3969
5340,3970
5341,3971
5342,3972
5343,3973
5344,3974
5345,3975
5346,3976
5347,3977
5348,3978
5349,3979
5350,3980
5351,3981
5352,3982
5353,3983
5354,3984
5355,3985
5356,3986
5357,3987
5358,3988
5359,3989
5360,3990
5361,3991
5362,3992
5363,3993
5364,3994
5365,3995
5366,3996
5367,3997
5368,3998
5369,3999
5370,4000
5371,4001
5372,4002
5373,4003
5374,4004
5375,4005
5376,4006
5377,4007
5378,4008
5379,4009
5380,4010
5381,4011
5382,4012
5383,4013
5384,4014
5385,4015
5386,4016
5387,4017
5388,4018
5389,4019
5390,4020
5391,4021
5392,4022
5393,4023
5394,4024
5395,4025
5396,4026
5397,4027
5398,4028
5399,4029
5400,4030
5401,4031
5402,4032
5403,4033
5404,4034
5405,4035
5406,4036
5407,4037
5408,4038
5409,4039
5410,4040
5411,4041
5412,4042
5413,4043
5414,4044
5415,4045
5416,4046
5417,4047
5418,4048
5419,4049
5420,4050
5421,4051
5422,4052
5423,4053
5424,4054
5425,4055
5426,4056
5427,4057
5428,4058
5429,4059
5430,4060
5431,4061
5432,4062
5433,4063
5434,4064
5435,4065
5436,4066
5437,4067
5438,4068
5439,4069
5440,4070
5441,4071
5442,4072
5443,4073
5444,4074
5445,4075
5446,4076
5447,4077
5448,4078
5449,4079
5450,4080
5451,4081
5452,4082
5453,4083
5454,4084
5455,4085
5456,4086
5457,4087
5458,4088
5459,4089
5460,4090
5461,4091
5462,4092
5463,4093
5464,4094
5465,4095
5466,4096
5467,4097
5468,4098
5469,4099
5470,4100
5471,4101
5472,4102
5473,4103
5474,4104
5475,4105
5476,4106
5477,4107
5478,4108
5479,4109
5480,4110
5481,4111
5482,4112
5483,4113
5484,4114
5485,4115
5486,4116
5487,4117
5488,4118
5489,4119
5490,4120
5491,4121
5492,4122
5493,4123
5494,4124
5495,4125
5496,4126
5497,4127
5498,4128
5499,4129
5500,4130
5501,4131
5502,4132
5503,4133
5504,4134
5505,4135
5506,4136
5507,4137
5508,4138
5509,4139
5510,4140
5511,4141
5512,4142
5513,4143
5514,4144
5515,4145
5516,4146
5517,4147
5518,4148
5519,4149
5520,4150
5521,4151
5522,4152
5523,4153
5524,4154
5525,4155
5526,4156
5527,4157
5528,4158
5529,4159
5530,4160
5531,4161
5532,4162
5533,4163
5534,4164
5535,4165
5536,4166
5537,4167
5538,4168
5539,4169
5540,4170
5541,4171
5542,4172
5543,4173
5544,4174
5545,4175
5546,4176
5547,4177
5548,4178
5549,4179
5550,4180
5551,4181
5552,4182
5553,4183
5554,4184
5555,4185
5556,4186
5557,4187
5558,4188
5559,4189
5560,4190
5561,4191
5562,4192
5563,4193
5564,4194
5565,4195
5566,4196
5567,4197
5568,4198
5569,4199
5570,4200
5571,4201
5572,4202
5573,4203
5574,4204
5575,4205
5576,4206
5577,4207
5578,4208
5579,4209
5580,4210
5581,4211
5582,4212
5583,4213
5584,4214
5585,4215
5586,4216
5587,4217
5588,4218
5589,4219
5590,4220
5591,4221
5592,4222
5593,4223
5594,4224
5595,4225
5596,4226
5597,4227
5598,4228
5599,4229
5600,4230
5601,4231
5602,4232
5603,4233
5604,4234
5605,4235
5606,4236
5607,4237
5608,4238
5609,4239
5610,4240
5611,4241
5612,4242
5613,4243
5614,4244
5615,4245
5616,4246
5617,4247
5618,4248
5619,4249
5620,4250
5621,4251
5622,4252
5623,4253
5624,4254
5625,4255
5626,4256
5627,4257
5628,4258
5629,4259
5630,4260
5631,4261
5632,4262
5633,4263
5634,4264
5635,4265
5636,4266
5637,4267
5638,4268
5639,4269
5640,4270
5641,4271
5642,4272
5643,4273
5644,4274
5645,4275
5646,4276
5647,4277
5648,4278
5649,4279
5650,4280
5651,4281
5652,4282
5653,4283
5654,4284
5655,4285
5656,4286
5657,4287
5658,4288
5659,4289
5660,4290
5661,4291
5662,4292
5801,4293
5802,4294
5803,4295
5804,4296
5805,4297
5806,4298
5807,4299
5808,4300
5809,4301
5810,4302
5811,4303
5812,4304
5813,4305
5814,4306
5815,4307
5816,4308
5817,4309
5818,4310
5819,4311
5820,4312
5821,4313
5822,4314
5823,4315
5824,4316
5825,4317
5826,4318
5827,4319
5828,4320
5829,4321
5830,4322
5831,4323
5832,4324
5833,4325
5834,4326
5835,4327
5836,4328
5837,4329
5838,4330
5839,4331
5840,4332
5841,4333
5842,4334
5843,4335
5844,4336
5845,4337
5846,4338
5847,4339
5848,4340
5849,4341
5850,4342
5851,4343
5852,4344
5853,4345
5854,4346
5855,4347
5856,4348
5857,4349
5858,4350
5859,4351
5860,4352
5861,4353
5862,4354
6001,4355
6002,4356
6003,4357
6004,4358
6005,4359
6006,4360
6007,4361
6008,4362
6009,4363
6010,4364
6011,4365
6012,4366
6013,4367
6014,4368
6015,4369
6016,4370
6017,4371
6018,4372
6019,4373
6020,4374
6021,4375
6022,4376
6023,4377
6024,4378
6025,4379
6026,4380
6027,4381
6028,4382
6029,4383
6030,4384
6031,4385
6032,4386
6033,4387
6034,4388
6035,4389
6036,4390
6037,4391
6038,4392
6039,4393
6040,4394
6041,4395
6042,4396
6043,4397
6044,4398
6045,4399
6046,4400
6047,4401
6048,4402
6049,4403
6050,4404
6051,4405
6052,4406
6053,4407
6054,4408
6055,4409
6056,4410
6057,4411
6058,4412
6059,4413
6060,4414
6061,4415
6062,4416
6063,4417
6064,4418
6065,4419
6066,4420
6067,4421
6068,4422
6069,4423
6070,4424
6071,4425
6072,4426
6073,4427
6074,4428
6075,4429
6076,4430
6077,4431
6078,4432
6079,4433
6080,4434
6081,4435
6082,4436
6083,4437
6084,4438
6085,4439
6086,4440
6087,4441
6088,4442
6089,4443
6090,4444
6091,4445
6092,4446
6093,4447
6094,4448
6095,4449
6096,4450
6097,4451
6098,4452
6099,4453
6100,4454
6101,4455
6102,4456
6103,4457
6104,4458
6105,4459
6106,4460
6107,4461
6108,4462
6109,4463
6110,4464
6111,4465
6112,4466
6113,4467
6114,4468
6115,4469
6116,4470
6117,4471
6118,4472
6119,4473
6120,4474
6121,4475
6122,4476
6123,4477
6124,4478
6125,4479
6126,4480
6127,4481
6128,4482
6129,4483
6130,4484
6131,4485
6132,4486
6133,4487
6134,4488
6135,4489
6136,4490
6137,4491
6138,4492
6139,4493
6140,4494
6141,4495
6142,4496
6143,4497
207001,4498
207002,4499
207003,4500
207004,4501
207005,4502
207006,4503
207007,4504
207008,4505
207009,4506
207010,4507
207011,4508
207012,4509
207013,4510
207014,4511
207015,4512
207016,4513
207017,4514
207018,4515
207019,4516
207020,4517
207021,4518
207022,4519
207023,4520
207024,4521
207025,4522
207026,4523
207027,4524
207028,4525
207029,4526
207030,4527
207031,4528
207032,4529
207033,4530
207034,4531
207035,4532
207036,4533
207037,4534
207038,4535
207039,4536
207040,4537
207041,4538
207042,4539
207043,4540
207044,4541
207045,4542
207046,4543
207047,4544
207048,4545
207049,4546
207050,4547
207051,4548
207052,4549
207053,4550
207054,4551
207055,4552
207056,4553
207057,4554
207058,4555
207059,4556
207060,4557
207061,4558
207062,4559
207063,4560
207064,4561
207065,4562
207066,4563
207067,4564
207068,4565
207069,4566
207070,4567
207071,4568
207072,4569
207073,4570
207074,4571
207075,4572
207076,4573
207077,4574
207078,4575
207079,4576
207080,4577
207081,4578
207082,4579
207083,4580
207084,4581
207085,4582
207086,4583
207087,4584
207088,4585
207089,4586
207090,4587
207091,4588
207092,4589
207093,4590
207094,4591
207095,4592
207096,4593
207097,4594
207098,4595
207099,4596
207100,4597
207101,4598
207102,4599
207103,4600
207104,4601
207105,4602
207106,4603
207107,4604
207108,4605
207109,4606
207110,4607
207111,4608
207112,4609
207113,4610
207114,4611
207115,4612
207116,4613
207117,4614
207118,4615
207119,4616
207120,4617
207121,4618
207122,4619
207123,4620
207124,4621
207125,4622
207126,4623
207127,4624
207128,4625
207129,4626
207130,4627
207131,4628
207132,4629
207133,4630
207134,4631
207135,4632
207136,4633
207137,4634
207138,4635
207139,4636
207140,4637
207141,4638
207142,4639
207143,4640
207144,4641
207145,4642
207146,4643
207147,4644
207148,4645
207149,4646
207150,4647
207151,4648
207152,4649
207153,4650
207154,4651
207155,4652
207156,4653
207157,4654
207158,4655
207159,4656
207160,4657
207161,4658
207162,4659
207163,4660
207164,4661
207165,4662
207166,4663
207167,4664
207168,4665
207169,4666
207201,4667
207202,4668
207203,4669
207204,4670
207205,4671
207206,4672
207207,4673
207208,4674
207209,4675
207210,4676
207211,4677
207212,4678
207213,4679
207214,4680
207215,4681
207216,4682
207217,4683
207218,4684
207219,4685
207220,4686
207221,4687
207222,4688
207223,4689
207224,4690
207225,4691
207226,4692
207227,4693
207228,4694
207229,4695
207230,4696
207231,4697
207232,4698
207233,4699
207234,4700
207235,4701
207236,4702
207237,4703
207238,4704
207239,4705
207240,4706
207241,4707
207242,4708
207243,4709
207244,4710
207245,4711
207246,4712
207247,4713
207248,4714
207249,4715
207250,4716
207251,4717
207252,4718
207253,4719
207254,4720
207255,4721
207256,4722
207257,4723
207258,4724
207259,4725
207260,4726
207261,4727
207262,4728
207263,4729
207264,4730
207265,4731
207266,4732
207267,4733
207268,4734
207269,4735
207270,4736
207271,4737
207272,4738
207273,4739
207274,4740
207275,4741
207276,4742
207277,4743
207278,4744
207279,4745
207280,4746
207281,4747
207282,4748
207283,4749
207284,4750
207285,4751
207286,4752
207287,4753
207288,4754
207289,4755
207290,4756
207291,4757
207292,4758
207293,4759
207294,4760
207295,4761
207296,4762
207297,4763
207298,4764
207299,4765
207300,4766
207301,4767
207302,4768
207303,4769
207304,4770
207305,4771
207306,4772
207307,4773
207308,4774
207309,4775
207310,4776
207311,4777
207312,4778
207313,4779
207314,4780
207315,4781
207316,4782
207317,4783
207318,4784
207319,4785
207320,4786
207321,4787
207322,4788
207323,4789
207324,4790
207325,4791
207326,4792
207327,4793
207328,4794
207329,4795
207330,4796
207331,4797
207332,4798
207333,4799
207334,4800
207335,4801
207336,4802
207337,4803
207338,4804
207339,4805
207340,4806
207341,4807
207342,4808
207343,4809
207344,4810
207345,4811
207346,4812
207347,4813
207348,4814
207349,4815
207350,4816
207351,4817
207352,4818
207353,4819
207354,4820
207355,4821
207356,4822
207357,4823
207358,4824
207359,4825
207360,4826
207361,4827
207362,4828
207363,4829
207364,4830
207365,4831
207366,4832
207367,4833
207368,4834
207369,4835
207370,4836
207371,4837
207372,4838
207373,4839
207374,4840
207375,4841
207376,4842
207377,4843
207378,4844
207379,4845
207380,4846
207381,4847
207382,4848
207383,4849
207384,4850
207385,4851
207386,4852
207387,4853
207388,4854
207389,4855
207390,4856
207391,4857
207392,4858
207393,4859
207394,4860
207395,4861
207396,4862
207397,4863
207398,4864
207399,4865
207400,4866
207401,4867
207402,4868
207403,4869
207404,4870
207405,4871
207406,4872
207407,4873
207408,4874
207409,4875
207410,4876
207411,4877
207412,4878
207413,4879
207414,4880
207415,4881
207416,4882
207417,4883
207418,4884
207419,4885
207420,4886
207421,4887
207422,4888
207423,4889
207424,4890
207425,4891
207426,4892
207427,4893
207428,4894
207429,4895
207430,4896
207431,4897
207432,4898
207433,4899
207434,4900
207435,4901
207436,4902
207437,4903
207438,4904
207439,4905
207440,4906
207441,4907
207442,4908
207443,4909
207444,4910
207445,4911
207446,4912
207447,4913
207448,4914
207449,4915
207450,4916
207501,4917
207502,4918
207503,4919
207601,4920
207602,4921
207603,4922
207604,4923
207605,4924
207606,4925
207607,4926
207609,4927
207901,4928
207902,4929
207903,4930
207904,4931
207905,4932
207906,4933
207907,4934
207908,4935
207909,4936
207910,4937
207911,4938
207912,4939
207913,4940
207914,4941
207915,4942
207916,4943
207917,4944
207918,4945
207919,4946
207920,4947
207921,4948
207922,4949
207923,4950
207924,4951
207925,4952
207926,4953
207927,4954
207928,4955
207929,4956
207930,4957
207931,4958
207932,4959
207933,4960
207934,4961
207935,4962
207936,4963
207937,4964
207938,4965
207939,4966
207940,4967
207941,4968
207942,4969
207943,4970
207944,4971
207945,4972
207946,4973
207947,4974
207948,4975
207949,4976
207950,4977
207951,4978
207952,4979
207953,4980
207954,4981
207955,4982
207956,4983
207957,4984
207958,4985
207959,4986
207960,4987
207961,4988
208001,4989
208002,4990
208003,4991
208004,4992
208005,4993
208006,4994
208007,4995
208008,4996
208009,4997
208010,4998
208011,4999
208012,5000
208013,5001
208014,5002
208015,5003
208016,5004
208017,5005
208018,5006
208019,5007
208020,5008
208021,5009
208022,5010
208023,5011
208024,5012
208025,5013
208026,5014
208027,5015
208028,5016
208029,5017
208030,5018
208031,5019
208032,5020
208033,5021
208034,5022
208035,5023
208036,5024
208037,5025
208038,5026
208039,5027
208040,5028
208041,5029
208042,5030
208043,5031
208044,5032
208045,5033
208046,5034
208047,5035
208048,5036
208049,5037
208050,5038
208051,5039
208052,5040
208053,5041
208054,5042
208055,5043
208056,5044
208057,5045
208058,5046
208059,5047
208060,5048
208061,5049
208062,5050
208063,5051
208064,5052
208065,5053
208066,5054
208067,5055
208068,5056
208069,5057
208070,5058
208071,5059
208072,5060
208073,5061
208074,5062
208075,5063
208076,5064
208077,5065
208078,5066
208079,5067
208080,5068
208081,5069
208082,5070
208083,5071
208084,5072
208085,5073
208086,5074
208087,5075
208088,5076
208089,5077
208090,5078
208091,5079
208092,5080
208093,5081
208094,5082
208095,5083
208096,5084
208097,5085
208098,5086
208099,5087
208100,5088
208101,5089
208102,5090
208103,5091
208104,5092
208105,5093
208106,5094
208107,5095
208108,5096
208109,5097
208110,5098
208111,5099
208112,5100
208113,5101
208114,5102
208115,5103
208116,5104
208117,5105
208118,5106
208119,5107
208120,5108
208121,5109
208122,5110
208123,5111
208124,5112
208125,5113
208126,5114
208127,5115
208128,5116
208129,5117
208130,5118
208131,5119
208132,5120
208133,5121
208134,5122
208135,5123
208136,5124
208137,5125
208138,5126
208139,5127
208140,5128
208141,5129
208142,5130
208143,5131
208144,5132
208145,5133
208146,5134
208147,5135
208148,5136
208149,5137
208150,5138
208151,5139
208152,5140
208153,5141
208154,5142
208155,5143
208156,5144
208157,5145
208158,5146
208159,5147
208160,5148
208161,5149
208162,5150
208163,5151
208164,5152
208165,5153
208166,5154
208167,5155
208168,5156
208169,5157
208170,5158
208171,5159
208172,5160
208173,5161
208174,5162
208175,5163
208176,5164
208177,5165
208178,5166
208179,5167
208180,5168
208181,5169
208182,5170
208183,5171
208184,5172
208185,5173
208186,5174
208187,5175
208188,5176
208189,5177
208190,5178
208191,5179
208192,5180
208193,5181
208194,5182
208195,5183
208196,5184
208197,5185
208198,5186
208199,5187
208200,5188
208201,5189
208202,5190
208203,5191
208204,5192
208205,5193
208206,5194
208207,5195
208208,5196
208209,5197
208210,5198
208211,5199
208212,5200
208213,5201
208214,5202
208215,5203
208216,5204
208217,5205
208218,5206
208219,5207
208220,5208
208221,5209
208222,5210
208223,5211
208224,5212
208225,5213
208226,5214
208227,5215
208228,5216
208229,5217
208230,5218
208231,5219
208232,5220
208233,5221
208234,5222
208235,5223
208236,5224
208237,5225
208238,5226
208239,5227
208240,5228
208241,5229
208242,5230
208243,5231
208244,5232
208245,5233
208246,5234
208247,5235
208248,5236
208249,5237
208250,5238
208251,5239
208252,5240
208253,5241
208254,5242
208255,5243
208256,5244
208257,5245
208258,5246
208259,5247
208260,5248
208261,5249
208262,5250
208263,5251
208264,5252
208265,5253
208266,5254
208267,5255
208268,5256
208269,5257
208270,5258
208271,5259
208272,5260
208273,5261
208274,5262
208275,5263
208276,5264
208277,5265
208278,5266
208279,5267
208280,5268
208281,5269
208282,5270
208283,5271
208284,5272
208285,5273
208286,5274
208287,5275
208288,5276
208289,5277
208290,5278
208291,5279
208292,5280
208293,5281
208294,5282
208295,5283
208296,5284
208297,5285
208298,5286
208299,5287
208300,5288
208301,5289
208302,5290
208303,5291
208304,5292
208305,5293
208306,5294
208307,5295
208308,5296
208309,5297
208310,5298
208311,5299
208312,5300
208313,5301
208314,5302
208315,5303
208316,5304
208317,5305
208318,5306
208319,5307
208320,5308
208321,5309
208322,5310
208323,5311
208324,5312
208325,5313
208326,5314
208327,5315
208328,5316
208329,5317
208330,5318
208331,5319
208332,5320
208333,5321
208334,5322
208335,5323
208336,5324
208337,5325
208338,5326
208339,5327
208340,5328
208341,5329
208342,5330
208343,5331
208344,5332
208345,5333
208346,5334
208347,5335
208348,5336
208349,5337
208350,5338
208351,5339
208352,5340
208353,5341
208354,5342
208355,5343
208356,5344
208357,5345
208358,5346
208359,5347
208360,5348
208361,5349
208362,5350
208363,5351
208364,5352
208365,5353
208366,5354
208367,5355
208368,5356
208369,5357
208370,5358
208371,5359
208372,5360
208373,5361
208374,5362
208375,5363
208376,5364
208377,5365
208378,5366
208379,5367
208380,5368
208381,5369
208382,5370
208383,5371
208384,5372
208385,5373
208386,5374
208387,5375
208388,5376
208389,5377
208390,5378
208391,5379
208392,5380
208393,5381
208394,5382
208395,5383
208396,5384
208397,5385
208398,5386
208399,5387
208400,5388
208401,5389
208402,5390
208403,5391
208404,5392
208405,5393
208406,5394
208407,5395
208408,5396
208409,5397
208410,5398
208411,5399
208412,5400
208413,5401
208414,5402
208415,5403
208416,5404
208417,5405
208418,5406
208419,5407
208420,5408
208421,5409
208422,5410
208423,5411
208424,5412
208425,5413
208426,5414
208427,5415
208428,5416
208429,5417
208430,5418
208431,5419
208432,5420
208433,5421
208434,5422
208435,5423
208436,5424
208437,5425
208438,5426
208439,5427
208440,5428
208441,5429
208442,5430
208443,5431
208444,5432
208445,5433
208446,5434
208447,5435
208448,5436
208449,5437
208450,5438
208451,5439
208452,5440
208453,5441
208454,5442
208455,5443
208456,5444
208457,5445
208458,5446
208459,5447
208460,5448
208461,5449
208462,5450
208463,5451
208464,5452
208465,5453
208466,5454
208467,5455
208468,5456
208469,5457
208470,5458
208471,5459
208472,5460
208473,5461
208474,5462
208475,5463
208476,5464
208477,5465
208478,5466
208479,5467
208480,5468
208481,5469
208482,5470
208483,5471
208484,5472
208485,5473
208486,5474
208487,5475
208488,5476
208489,5477
208490,5478
208491,5479
208492,5480
208493,5481
208494,5482
208495,5483
208496,5484
208497,5485
208498,5486
208499,5487
208601,5488
208602,5489
208603,5490
208604,5491
208605,5492
208606,5493
208607,5494
208608,5495
208609,5496
208610,5497
208611,5498
208612,5499
208613,5500
208614,5501
208615,5502
208616,5503
208617,5504
208618,5505
208619,5506
208620,5507
208621,5508
208622,5509
208623,5510
208624,5511
208625,5512
208626,5513
208627,5514
208628,5515
208629,5516
208630,5517
208631,5518
208632,5519
208633,5520
208634,5521
208635,5522
208636,5523
208637,5524
208638,5525
208701,5526
208702,5527
208703,5528
208704,5529
208705,5530
208706,5531
208707,5532
208708,5533
208709,5534
208710,5535
208711,5536
208712,5537
208713,5538
208714,5539
208715,5540
208716,5541
208717,5542
208718,5543
208719,5544
208720,5545
208721,5546
208722,5547
208723,5548
208724,5549
208725,5550
208726,5551
208727,5552
208728,5553
208729,5554
208730,5555
208731,5556
208732,5557
208733,5558
208734,5559
208735,5560
208736,5561
208737,5562
208738,5563
208739,5564
208740,5565
208741,5566
208742,5567
208743,5568
208744,5569
208745,5570
208746,5571
208747,5572
208748,5573
208749,5574
208750,5575
208751,5576
208752,5577
208753,5578
208754,5579
208755,5580
208756,5581
208757,5582
208758,5583
208759,5584
208760,5585
208761,5586
208762,5587
208763,5588
208764,5589
208765,5590
208766,5591
208767,5592
208768,5593
208769,5594
208770,5595
208771,5596
208772,5597
208773,5598
208774,5599
208775,5600
208776,5601
208777,5602
208778,5603
208779,5604
208780,5605
208781,5606
208782,5607
208783,5608
208784,5609
208785,5610
208786,5611
208787,5612
208788,5613
208789,5614
208790,5615
208791,5616
208792,5617
208793,5618
208794,5619
208795,5620
208796,5621
208797,5622
208798,5623
208799,5624
208800,5625
208801,5626
208802,5627
208803,5628
208804,5629
208805,5630
208806,5631
208807,5632
208808,5633
208809,5634
208810,5635
208811,5636
208812,5637
208813,5638
208814,5639
208815,5640
208816,5641
208817,5642
208818,5643
208819,5644
208820,5645
208821,5646
208822,5647
208901,5648
208902,5649
208903,5650
208904,5651
208905,5652
208906,5653
208907,5654
208908,5655
208909,5656
208910,5657
208911,5658
208912,5659
208913,5660
208914,5661
208915,5662
208916,5663
208917,5664
208918,5665
208919,5666
208920,5667
208921,5668
208922,5669
208923,5670
208924,5671
208925,5672
208926,5673
208927,5674
208928,5675
208929,5676
208930,5677
208931,5678
208932,5679
208933,5680
208934,5681
208935,5682
208936,5683
208937,5684
208938,5685
208939,5686
208940,5687
208941,5688
208942,5689
208943,5690
208944,5691
208945,5692
208946,5693
208947,5694
208948,5695
208949,5696
208950,5697
208951,5698
208952,5699
208953,5700
208954,5701
208955,5702
208956,5703
208957,5704
208958,5705
208959,5706
208960,5707
208961,5708
208962,5709
208963,5710
208964,5711
208965,5712
208966,5713
208967,5714
208968,5715
208969,5716
208970,5717
208971,5718
208972,5719
208973,5720
208974,5721
208975,5722
208976,5723
208977,5724
208978,5725
208979,5726
208980,5727
208981,5728
208982,5729
208983,5730
208984,5731
208985,5732
208986,5733
208987,5734
208988,5735
208989,5736
208990,5737
208991,5738
208992,5739
209001,5740
209002,5741
209003,5742
209004,5743
209005,5744
209006,5745
209007,5746
209008,5747
209009,5748
209010,5749
209011,5750
209012,5751
209013,5752
209014,5753
209015,5754
209016,5755
209017,5756
209018,5757
209019,5758
209020,5759
209021,5760
209022,5761
209023,5762
209024,5763
209025,5764
209026,5765
209027,5766
209028,5767
209029,5768
209030,5769
209031,5770
209032,5771
209033,5772
209034,5773
209035,5774
209036,5775
209037,5776
209038,5777
209039,5778
209040,5779
209041,5780
209042,5781
209043,5782
209044,5783
209045,5784
209046,5785
209047,5786
209048,5787
209049,5788
209050,5789
209051,5790
209052,5791
209053,5792
209054,5793
209055,5794
209056,5795
209057,5796
209058,5797
209059,5798
209060,5799
209061,5800
209062,5801
209063,5802
209064,5803
209065,5804
209066,5805
209067,5806
209068,5807
209069,5808
209070,5809
209071,5810
209072,5811
209073,5812
209074,5813
209075,5814
209076,5815
209077,5816
209078,5817
209079,5818
209080,5819
209081,5820
209082,5821
209083,5822
209084,5823
209085,5824
209086,5825
209087,5826
209088,5827
209089,5828
209090,5829
209091,5830
209092,5831
209093,5832
209094,5833
209095,5834
209096,5835
209097,5836
209098,5837
209099,5838
209100,5839
